{
    "keep": {
        "days": true,
        "amount": 14
    },
    "auditLog": "src\\logs\\error\\.50ee52f104fb457b487eba372ed482fbd6005cd0-audit.json",
    "files": [
        {
            "date": 1729435930180,
            "name": "src\\logs\\error\\error-2024-10-20-20-52.log",
            "hash": "6317a28e2bd89d26c407ee4f5da4619f71703effab4dd7236d3ce074eb2277a5"
        },
        {
            "date": 1729436047583,
            "name": "src\\logs\\error\\error-2024-10-20-20-54.log",
            "hash": "e6a89aa0fde5ff181f1c9df26d84efb1592f434aae32b38310a4fad1907e61d6"
        },
        {
            "date": 1729436121269,
            "name": "src\\logs\\error\\error-2024-10-20-20-55.log",
            "hash": "700e0a7e58ed63d2e6c9c37f357e1311e6030d510657823bb92a5a47856f5c79"
        },
        {
            "date": 1729436338865,
            "name": "src\\logs\\error\\error-2024-10-20-20-58.log",
            "hash": "9cfa962c7c75fea69c615e47310a2d64ad3563217e3d1eef191e9377117feede"
        },
        {
            "date": 1729436486002,
            "name": "src\\logs\\error\\error-2024-10-20-21-01.log",
            "hash": "1677e0e88e2a42e6dc577d53baa57be55ea296f194b0186617db58dbb89cac7c"
        },
        {
            "date": 1729436550754,
            "name": "src\\logs\\error\\error-2024-10-20-21-02.log",
            "hash": "99ce1eec1ac1e3f8d7ccfeb69fdaf8240bcd9759696f480dd9334040a9405e86"
        },
        {
            "date": 1729436773870,
            "name": "src\\logs\\error\\error-2024-10-20-21-06.log",
            "hash": "a70733cc30c059c3b8e88439ab8d4d6042064d75896edad52690d41a3fb92683"
        },
        {
            "date": 1729436850956,
            "name": "src\\logs\\error\\error-2024-10-20-21-07.log",
            "hash": "2a5df943d90f60a289d2bcbec3c4c7836c53b9fff1e387e9678d437065fe1bee"
        },
        {
            "date": 1729436913728,
            "name": "src\\logs\\error\\error-2024-10-20-21-08.log",
            "hash": "cf7922154373ec5ec2fba85b54ed5d0a7230148156f482cd391e21c082f4eda5"
        },
        {
            "date": 1729436969374,
            "name": "src\\logs\\error\\error-2024-10-20-21-09.log",
            "hash": "fa6ad27d548e7376762f74d5f9c9f6eda9d4619710f48e9799c8c5ef12053ae5"
        },
        {
            "date": 1729437012848,
            "name": "src\\logs\\error\\error-2024-10-20-21-10.log",
            "hash": "3f2862cdb4e75614175daf13e73091a3ebb95ca6f7a105cc1c78f715b84f9371"
        },
        {
            "date": 1729437078160,
            "name": "src\\logs\\error\\error-2024-10-20-21-11.log",
            "hash": "ae20d41a800188ede4b4d5575c3024a7b5ed96d799959106d629e5dd20f25eca"
        },
        {
            "date": 1726059884252,
            "name": "src\\logs\\error\\error-2024-09-11-19-04.log",
            "hash": "29f4c8aa919bcf711437e8a957a98961308e7f63f6049e68d295e52d1f6fd2da"
        },
        {
            "date": 1726060335734,
            "name": "src\\logs\\error\\error-2024-09-11-19-12.log",
            "hash": "66215f0c976884478d2a65978841206655a0afd5c201d5ce21f3870127bc10b9"
        },
        {
            "date": 1726060948378,
            "name": "src\\logs\\error\\error-2024-09-11-19-22.log",
            "hash": "44d012a91f12f7ca97211c23d3588b9c68fb3a12a6a620db2fbd04f091124167"
        },
        {
            "date": 1726136588470,
            "name": "src\\logs\\error\\error-2024-09-12-16-23.log",
            "hash": "3a927132bb5ae8a17690d82fb468b2b8d318ba32007d0653bdce1efc70045a8c"
        },
        {
            "date": 1726142302723,
            "name": "src\\logs\\error\\error-2024-09-12-17-58.log",
            "hash": "a000b34af54b6fef6861f93cd916902070e8bee33c2728879767e1c3f981eec8"
        },
        {
            "date": 1726144508951,
            "name": "src\\logs\\error\\error-2024-09-12-18-35.log",
            "hash": "5f5b9523d3bd779715aaf266dcf827c93cacf60e1abba862f72c71ee13234d7b"
        },
        {
            "date": 1726144562054,
            "name": "src\\logs\\error\\error-2024-09-12-18-36.log",
            "hash": "18aed1db3acbf5a9f0fc2c2c90920e6a546b482586ac4fac990f32b0eef107d0"
        },
        {
            "date": 1726147102130,
            "name": "src\\logs\\error\\error-2024-09-12-19-18.log",
            "hash": "486af16ffdaba64bc4a8a8d7a45f0fbd63082bfcda7eabaa18269ae786330bdf"
        },
        {
            "date": 1726147369000,
            "name": "src\\logs\\error\\error-2024-09-12-19-22.log",
            "hash": "bcf00ead99bd42c87b4cc7d7b98d5819373fc34c0e552a0308e66b7281355b77"
        },
        {
            "date": 1726147467515,
            "name": "src\\logs\\error\\error-2024-09-12-19-24.log",
            "hash": "19ac06bdc7f034408442674b08f28cebf37f54eb6261ab23d328db7de8af9f57"
        },
        {
            "date": 1726147561702,
            "name": "src\\logs\\error\\error-2024-09-12-19-26.log",
            "hash": "6acc86d3f80b6bd084f6cae024c89e324bbd8b3533af98872b32bc5de36f6af9"
        },
        {
            "date": 1726147792542,
            "name": "src\\logs\\error\\error-2024-09-12-19-29.log",
            "hash": "83249c13928d3651e78ca6aa627ea6095ccff9f7dba4951515ab276d06b40f74"
        },
        {
            "date": 1726147841625,
            "name": "src\\logs\\error\\error-2024-09-12-19-30.log",
            "hash": "0f787e1a152d8cf88fec7a33932feef1e6b20ededcd6627f3627b6c4e4ed5e0c"
        },
        {
            "date": 1726148460028,
            "name": "src\\logs\\error\\error-2024-09-12-19-41.log",
            "hash": "367af84f7ebdb9f21639dcef6023564c0d0cf0f5f84479d486282fa5882b3ab6"
        },
        {
            "date": 1726148560430,
            "name": "src\\logs\\error\\error-2024-09-12-19-42.log",
            "hash": "87365c469ae10714b28a992f9d5936e8dd185f970f27d8d725bbdaa68000d624"
        },
        {
            "date": 1726148627906,
            "name": "src\\logs\\error\\error-2024-09-12-19-43.log",
            "hash": "668aca99c3f697675b79c9a464d90c3f94048046289fbdea5cac94308241e495"
        },
        {
            "date": 1726149323674,
            "name": "src\\logs\\error\\error-2024-09-12-19-55.log",
            "hash": "0b69578ef5444c0a923ab787dd906bf710fe833b5428187c9dd740e75629ae6b"
        },
        {
            "date": 1726149562979,
            "name": "src\\logs\\error\\error-2024-09-12-19-59.log",
            "hash": "865831f90b720520cbf8699aa899dfa75f7bde86b6f87778f44608f59d0cf93c"
        },
        {
            "date": 1726149652876,
            "name": "src\\logs\\error\\error-2024-09-12-20-00.log",
            "hash": "b02a8b54b6814d4b3f583bbc5d9aefe040d607d3741ec3bb0c041f301f86ff57"
        },
        {
            "date": 1726157330629,
            "name": "src\\logs\\error\\error-2024-09-12-22-08.log",
            "hash": "94f24345aa3e24d0dfd3dd47c5f9a1737e35a8ff7b39a9e97fcd243ffb7b4066"
        }
    ],
    "hashType": "sha256"
}