{
    "keep": {
        "days": true,
        "amount": 14
    },
    "auditLog": "src\\logs\\success\\.2b4ee228c17c59d3616cd3fd9607f0c2c4b9b789-audit.json",
    "files": [
        {
            "date": 1729436047508,
            "name": "src\\logs\\success\\success-2024-10-20-20-54.log",
            "hash": "a69a0984cceda6d5c048bd831f02d4d9c35c2cdac4449f89e103b4bb2b51788c"
        },
        {
            "date": 1729436121262,
            "name": "src\\logs\\success\\success-2024-10-20-20-55.log",
            "hash": "0f9e63d7215eab11313442a9d336707bc817ce50b994f70d2e57bc9769983841"
        },
        {
            "date": 1729436338858,
            "name": "src\\logs\\success\\success-2024-10-20-20-58.log",
            "hash": "15277cf8fa1cf3755cba21caad8572bfa5cf01759eb4cc797cca5246fbecfc18"
        },
        {
            "date": 1729436341911,
            "name": "src\\logs\\success\\success-2024-10-20-20-59.log",
            "hash": "4a9c76571d7848974e06fda2de6c7502cbe72b701b22fbc0af30cffaba7674a9"
        },
        {
            "date": 1729436485995,
            "name": "src\\logs\\success\\success-2024-10-20-21-01.log",
            "hash": "10ada7e822929d6e0d77f09e63f48f610258ac88b222d62c59f71984faa2d959"
        },
        {
            "date": 1729436550748,
            "name": "src\\logs\\success\\success-2024-10-20-21-02.log",
            "hash": "b31d69b4fa2add5a74936e41647d7a51e2a27975e064135525183f9228f2c2e3"
        },
        {
            "date": 1729436580002,
            "name": "src\\logs\\success\\success-2024-10-20-21-03.log",
            "hash": "f9feb3d6f33eae2d6fdba1561ceb94445ff73a859f4db7b5a068c3f947927806"
        },
        {
            "date": 1729436773863,
            "name": "src\\logs\\success\\success-2024-10-20-21-06.log",
            "hash": "fd548a15215b206d2e3e5a365e1bd622628277151a1de37a5f0b0712fd7560aa"
        },
        {
            "date": 1729436850949,
            "name": "src\\logs\\success\\success-2024-10-20-21-07.log",
            "hash": "6be3cac47be05d656c2fec4283d5922f3c21722260ccfc003ccb7b0324096ca4"
        },
        {
            "date": 1729436913722,
            "name": "src\\logs\\success\\success-2024-10-20-21-08.log",
            "hash": "fb3f80c097d9b3c7247f74383903be747f59ac8ebe84e02e49cc7535866a23c4"
        },
        {
            "date": 1729436969368,
            "name": "src\\logs\\success\\success-2024-10-20-21-09.log",
            "hash": "20384c8bdb4fae59468ebdc677839c3417365e8a91450b8375a4a89573123084"
        },
        {
            "date": 1729437012841,
            "name": "src\\logs\\success\\success-2024-10-20-21-10.log",
            "hash": "91f1b808ccd67b5b770c5b24eb4596d0de7ad196b015f8f7a49bffccc4d6148e"
        },
        {
            "date": 1729437078153,
            "name": "src\\logs\\success\\success-2024-10-20-21-11.log",
            "hash": "eea6e955d8a48492f6c7aa3a821270a45cdee1f59f53f5d117622254b498aaad"
        },
        {
            "date": 1726059884232,
            "name": "src\\logs\\success\\success-2024-09-11-19-04.log",
            "hash": "f5fbf088e68fa271feda6a926b59ea9dc9f77db11435229b2c5a3eccae2503a0"
        },
        {
            "date": 1726059904304,
            "name": "src\\logs\\success\\success-2024-09-11-19-05.log",
            "hash": "1bc61a16eddfec145292c377c4a317c92de60874d7cf294802e7aeac557c3876"
        },
        {
            "date": 1726060948368,
            "name": "src\\logs\\success\\success-2024-09-11-19-22.log",
            "hash": "29d354261a7d6c1cac172a1b1e8f63db5be4e46ced8023f9a149e63c549e0aa9"
        },
        {
            "date": 1726136588448,
            "name": "src\\logs\\success\\success-2024-09-12-16-23.log",
            "hash": "2ee93533ecaeb7087014dc94aff8be48cc9f99d5490fa6529a1aff377aef798c"
        },
        {
            "date": 1726147102123,
            "name": "src\\logs\\success\\success-2024-09-12-19-18.log",
            "hash": "75af1f677ba3c1f28552c329799b838aad20a5352a6555976f736f790f87e442"
        },
        {
            "date": 1726147792534,
            "name": "src\\logs\\success\\success-2024-09-12-19-29.log",
            "hash": "2120c7723d211ce158b867dff0c6873c7e30e81211bbd860f28d0c8c393283af"
        },
        {
            "date": 1726147841605,
            "name": "src\\logs\\success\\success-2024-09-12-19-30.log",
            "hash": "907fc90d314a55766c942d9847c5220d0fb17302c2c39a2c5a272297553ad6d2"
        },
        {
            "date": 1726148460021,
            "name": "src\\logs\\success\\success-2024-09-12-19-41.log",
            "hash": "8f4c56eb939ffeef4e4b511dec6b3855567619091d34a1a479818bdd844bc7b3"
        },
        {
            "date": 1726149323666,
            "name": "src\\logs\\success\\success-2024-09-12-19-55.log",
            "hash": "2e1567a8cf8452638a163df3108c5985c1793c6b3e4f4d56f2375c44f1da223b"
        },
        {
            "date": 1726149562972,
            "name": "src\\logs\\success\\success-2024-09-12-19-59.log",
            "hash": "106fedf6fedbc750efcff42cf21b9325b29f8fda7af15b266b1a9b2d54596f87"
        },
        {
            "date": 1726149652868,
            "name": "src\\logs\\success\\success-2024-09-12-20-00.log",
            "hash": "39fa52b91f5e28ca7711cbaa7aa47de30dcb5641695aa807683485bd43a8edd6"
        },
        {
            "date": 1726157330590,
            "name": "src\\logs\\success\\success-2024-09-12-22-08.log",
            "hash": "8ef75625595adde77c684f3e3da0519a52c72ee97c7e63af11a654f8599a3958"
        }
    ],
    "hashType": "sha256"
}